game_play_number,id,sequenceNumber,type.id,type.text,text,awayScore,homeScore,period.number,period.displayValue,clock.displayValue,scoringPlay,scoreValue,team.id,participants.0.athlete.id,participants.1.athlete.id,participants.2.athlete.id,wallclock,shootingPlay,coordinate.x,coordinate.y,game_id,season,seasonType,homeTeamId,homeTeamName,homeTeamMascot,homeTeamAbbrev,homeTeamNameAlt,awayTeamId,awayTeamName,awayTeamMascot,awayTeamAbbrev,awayTeamNameAlt,gameSpread,homeFavorite,gameSpreadAvailable,homeTeamSpread,qtr,time,clock.minutes,clock.seconds,homeTimeoutCalled,awayTimeoutCalled,half,game_half,lag_qtr,lead_qtr,lag_half,lead_half,start.quarter_seconds_remaining,start.half_seconds_remaining,start.game_seconds_remaining,end.quarter_seconds_remaining,end.half_seconds_remaining,end.game_seconds_remaining,period,team,home_color,away_color
2,4016563637,7,110,Driving Layup Shot,Jrue Holiday makes driving layup (Jayson Tatum assists),0,2,1,1st Quarter,11:40,True,2,2.0,3995.0,4065648.0,,2024-06-18T00:38:52Z,True,25,1,401656363,2024,3,2,Boston,Celtics,BOS,Boston,6,Dallas,Mavericks,DAL,Dallas,2.5,True,False,2.5,1,11:40,11.0,40.0,False,False,1,1,1.0,1.0,1.0,1.0,700.0,1420.0,2860.0,683.0,1403.0,2843.0,1,home,0022B4,99bfe5
3,4016563639,9,132,Step Back Jump Shot,Luka Doncic misses 27-foot step back jumpshot,0,2,1,1st Quarter,11:23,False,0,6.0,3945274.0,,,2024-06-18T00:39:09Z,True,35,26,401656363,2024,3,2,Boston,Celtics,BOS,Boston,6,Dallas,Mavericks,DAL,Dallas,2.5,True,False,2.5,1,11:23,11.0,23.0,False,False,1,1,1.0,1.0,1.0,1.0,683.0,1403.0,2843.0,682.0,1402.0,2842.0,1,away,0022B4,99bfe5
6,40165636313,13,131,Pullup Jump Shot,Jaylen Brown misses 31-foot three point pullup jump shot,0,2,1,1st Quarter,11:05,False,0,2.0,3917376.0,,,2024-06-18T00:39:53Z,True,27,32,401656363,2024,3,2,Boston,Celtics,BOS,Boston,6,Dallas,Mavericks,DAL,Dallas,2.5,True,False,2.5,1,11:05,11.0,5.0,False,False,1,1,1.0,1.0,1.0,1.0,665.0,1385.0,2825.0,663.0,1383.0,2823.0,1,home,0022B4,99bfe5
9,40165636317,17,145,Driving Floating Bank Jump Shot,Jayson Tatum misses two point shot,0,2,1,1st Quarter,10:46,False,0,2.0,4065648.0,,,2024-06-18T00:40:11Z,True,17,4,401656363,2024,3,2,Boston,Celtics,BOS,Boston,6,Dallas,Mavericks,DAL,Dallas,2.5,True,False,2.5,1,10:46,10.0,46.0,False,False,1,1,1.0,1.0,1.0,1.0,646.0,1366.0,2806.0,645.0,1365.0,2805.0,1,home,0022B4,99bfe5
11,40165636320,20,92,Jump Shot,Jaylen Brown misses 24-foot three point jumper,0,2,1,1st Quarter,10:43,False,0,2.0,3917376.0,,,2024-06-18T00:40:29Z,True,4,14,401656363,2024,3,2,Boston,Celtics,BOS,Boston,6,Dallas,Mavericks,DAL,Dallas,2.5,True,False,2.5,1,10:43,10.0,43.0,False,False,1,1,1.0,1.0,1.0,1.0,643.0,1363.0,2803.0,642.0,1362.0,2802.0,1,home,0022B4,99bfe5
14,40165636324,24,131,Pullup Jump Shot,Kyrie Irving misses 27-foot three point pullup jump shot,0,2,1,1st Quarter,10:26,False,0,6.0,6442.0,,,2024-06-18T00:41:02Z,True,31,27,401656363,2024,3,2,Boston,Celtics,BOS,Boston,6,Dallas,Mavericks,DAL,Dallas,2.5,True,False,2.5,1,10:26,10.0,26.0,False,False,1,1,1.0,1.0,1.0,1.0,626.0,1346.0,2786.0,623.0,1343.0,2783.0,1,away,0022B4,99bfe5
16,40165636326,26,137,Turnaround Fade Away Jump Shot,Jaylen Brown misses 9-foot two point shot,0,2,1,1st Quarter,10:10,False,0,2.0,3917376.0,,,2024-06-18T00:41:17Z,True,18,7,401656363,2024,3,2,Boston,Celtics,BOS,Boston,6,Dallas,Mavericks,DAL,Dallas,2.5,True,False,2.5,1,10:10,10.0,10.0,False,False,1,1,1.0,1.0,1.0,1.0,610.0,1330.0,2770.0,609.0,1329.0,2769.0,1,home,0022B4,99bfe5
18,40165636328,28,132,Step Back Jump Shot,Luka Doncic misses 27-foot step back jumpshot,0,2,1,1st Quarter,9:55,False,0,6.0,3945274.0,,,2024-06-18T00:41:32Z,True,11,24,401656363,2024,3,2,Boston,Celtics,BOS,Boston,6,Dallas,Mavericks,DAL,Dallas,2.5,True,False,2.5,1,9:55,9.0,55.0,False,False,1,1,1.0,1.0,1.0,1.0,595.0,1315.0,2755.0,594.0,1314.0,2754.0,1,away,0022B4,99bfe5
20,40165636330,30,128,Driving Finger Roll Layup,Jrue Holiday makes 1-foot two point shot (Jayson Tatum assists),0,4,1,1st Quarter,9:34,True,2,2.0,3995.0,4065648.0,,2024-06-18T00:41:53Z,True,25,2,401656363,2024,3,2,Boston,Celtics,BOS,Boston,6,Dallas,Mavericks,DAL,Dallas,2.5,True,False,2.5,1,9:34,9.0,34.0,False,False,1,1,1.0,1.0,1.0,1.0,574.0,1294.0,2734.0,548.0,1268.0,2708.0,1,home,0022B4,99bfe5
21,40165636332,32,92,Jump Shot,Derrick Jones Jr. misses 26-foot three point jumper,0,4,1,1st Quarter,9:08,False,0,6.0,3936099.0,,,2024-06-18T00:42:19Z,True,43,19,401656363,2024,3,2,Boston,Celtics,BOS,Boston,6,Dallas,Mavericks,DAL,Dallas,2.5,True,False,2.5,1,9:08,9.0,8.0,False,False,1,1,1.0,1.0,1.0,1.0,548.0,1268.0,2708.0,545.0,1265.0,2705.0,1,away,0022B4,99bfe5
23,40165636335,35,118,Alley Oop Dunk Shot,Derrick Jones Jr. makes 2-foot alley oop dunk shot (Luka Doncic assists),2,4,1,1st Quarter,8:59,True,2,6.0,3936099.0,3945274.0,,2024-06-18T00:42:44Z,True,25,3,401656363,2024,3,2,Boston,Celtics,BOS,Boston,6,Dallas,Mavericks,DAL,Dallas,2.5,True,False,2.5,1,8:59,8.0,59.0,False,False,1,1,1.0,1.0,1.0,1.0,539.0,1259.0,2699.0,522.0,1242.0,2682.0,1,away,0022B4,99bfe5
24,40165636337,37,131,Pullup Jump Shot,Jayson Tatum misses 26-foot three point pullup jump shot,2,4,1,1st Quarter,8:42,False,0,2.0,4065648.0,,,2024-06-18T00:43:00Z,True,39,23,401656363,2024,3,2,Boston,Celtics,BOS,Boston,6,Dallas,Mavericks,DAL,Dallas,2.5,True,False,2.5,1,8:42,8.0,42.0,False,False,1,1,1.0,1.0,1.0,1.0,522.0,1242.0,2682.0,521.0,1241.0,2681.0,1,home,0022B4,99bfe5
26,40165636359,59,110,Driving Layup Shot,Jrue Holiday blocks Kyrie Irving 's 11-foot driving layup,2,4,1,1st Quarter,8:29,False,0,6.0,6442.0,3995.0,,2024-06-18T00:43:16Z,True,29,10,401656363,2024,3,2,Boston,Celtics,BOS,Boston,6,Dallas,Mavericks,DAL,Dallas,2.5,True,False,2.5,1,8:29,8.0,29.0,False,False,1,1,1.0,1.0,1.0,1.0,509.0,1229.0,2669.0,508.0,1228.0,2668.0,1,away,0022B4,99bfe5
28,40165636342,42,109,Running Layup Shot,Jrue Holiday makes two point shot (Derrick White assists),2,6,1,1st Quarter,8:24,True,2,2.0,3995.0,3078576.0,,2024-06-18T00:43:31Z,True,25,1,401656363,2024,3,2,Boston,Celtics,BOS,Boston,6,Dallas,Mavericks,DAL,Dallas,2.5,True,False,2.5,1,8:24,8.0,24.0,False,False,1,1,1.0,1.0,1.0,1.0,504.0,1224.0,2664.0,492.0,1212.0,2652.0,1,home,0022B4,99bfe5
29,40165636344,44,144,Driving Floating Jump Shot,Luka Doncic misses driving floating jump shot,2,6,1,1st Quarter,8:12,False,0,6.0,3945274.0,,,2024-06-18T00:43:43Z,True,31,10,401656363,2024,3,2,Boston,Celtics,BOS,Boston,6,Dallas,Mavericks,DAL,Dallas,2.5,True,False,2.5,1,8:12,8.0,12.0,False,False,1,1,1.0,1.0,1.0,1.0,492.0,1212.0,2652.0,489.0,1209.0,2649.0,1,away,0022B4,99bfe5
32,40165636349,49,110,Driving Layup Shot,P.J. Washington blocks Jaylen Brown 's 8-foot driving layup,2,6,1,1st Quarter,7:49,False,0,2.0,3917376.0,4278078.0,,2024-06-18T00:44:54Z,True,20,6,401656363,2024,3,2,Boston,Celtics,BOS,Boston,6,Dallas,Mavericks,DAL,Dallas,2.5,True,False,2.5,1,7:49,7.0,49.0,False,False,1,1,1.0,1.0,1.0,1.0,469.0,1189.0,2629.0,468.0,1188.0,2628.0,1,home,0022B4,99bfe5
34,40165636352,52,92,Jump Shot,Derrick Jones Jr. misses 24-foot three point jumper,2,6,1,1st Quarter,7:39,False,0,6.0,3936099.0,,,2024-06-18T00:45:04Z,True,1,5,401656363,2024,3,2,Boston,Celtics,BOS,Boston,6,Dallas,Mavericks,DAL,Dallas,2.5,True,False,2.5,1,7:39,7.0,39.0,False,False,1,1,1.0,1.0,1.0,1.0,459.0,1179.0,2619.0,458.0,1178.0,2618.0,1,away,0022B4,99bfe5
36,40165636354,54,94,Tip Shot,Daniel Gafford misses tip shot,2,6,1,1st Quarter,7:38,False,0,6.0,4278049.0,,,2024-06-18T00:45:09Z,True,25,0,401656363,2024,3,2,Boston,Celtics,BOS,Boston,6,Dallas,Mavericks,DAL,Dallas,2.5,True,False,2.5,1,7:38,7.0,38.0,False,False,1,1,1.0,1.0,1.0,1.0,458.0,1178.0,2618.0,456.0,1176.0,2616.0,1,away,0022B4,99bfe5
38,40165636356,56,92,Jump Shot,Al Horford makes 26-foot three point jumper (Jaylen Brown assists),2,9,1,1st Quarter,7:28,True,3,2.0,3213.0,3917376.0,,2024-06-18T00:45:14Z,True,16,25,401656363,2024,3,2,Boston,Celtics,BOS,Boston,6,Dallas,Mavericks,DAL,Dallas,2.5,True,False,2.5,1,7:28,7.0,28.0,False,False,1,1,1.0,1.0,1.0,1.0,448.0,1168.0,2608.0,446.0,1166.0,2606.0,1,home,0022B4,99bfe5
43,40165636368,68,131,Pullup Jump Shot,Luka Doncic makes 7-foot pullup jump shot,4,9,1,1st Quarter,7:02,True,2,6.0,3945274.0,,,2024-06-18T00:49:50Z,True,27,7,401656363,2024,3,2,Boston,Celtics,BOS,Boston,6,Dallas,Mavericks,DAL,Dallas,2.5,True,False,2.5,1,7:02,7.0,2.0,False,False,1,1,1.0,1.0,1.0,1.0,422.0,1142.0,2582.0,422.0,1142.0,2582.0,1,away,0022B4,99bfe5
50,40165636380,80,131,Pullup Jump Shot,Kyrie Irving misses 27-foot three point pullup jump shot,5,11,1,1st Quarter,6:34,False,0,6.0,6442.0,,,2024-06-18T00:51:48Z,True,3,17,401656363,2024,3,2,Boston,Celtics,BOS,Boston,6,Dallas,Mavericks,DAL,Dallas,2.5,True,False,2.5,1,6:34,6.0,34.0,False,False,1,1,1.0,1.0,1.0,1.0,394.0,1114.0,2554.0,392.0,1112.0,2552.0,1,away,0022B4,99bfe5
52,40165636382,82,145,Driving Floating Bank Jump Shot,Jaylen Brown makes 7-foot two point shot,5,13,1,1st Quarter,6:25,True,2,2.0,3917376.0,,,2024-06-18T00:51:56Z,True,19,3,401656363,2024,3,2,Boston,Celtics,BOS,Boston,6,Dallas,Mavericks,DAL,Dallas,2.5,True,False,2.5,1,6:25,6.0,25.0,False,False,1,1,1.0,1.0,1.0,1.0,385.0,1105.0,2545.0,367.0,1087.0,2527.0,1,home,0022B4,99bfe5
53,40165636383,83,92,Jump Shot,Josh Green makes 27-foot three point jumper (Luka Doncic assists),8,13,1,1st Quarter,6:07,True,3,6.0,4432811.0,3945274.0,,2024-06-18T00:52:14Z,True,12,24,401656363,2024,3,2,Boston,Celtics,BOS,Boston,6,Dallas,Mavericks,DAL,Dallas,2.5,True,False,2.5,1,6:07,6.0,7.0,False,False,1,1,1.0,1.0,1.0,1.0,367.0,1087.0,2527.0,346.0,1066.0,2506.0,1,away,0022B4,99bfe5
54,40165636385,85,110,Driving Layup Shot,Jrue Holiday misses driving layup,8,13,1,1st Quarter,5:46,False,0,2.0,3995.0,,,2024-06-18T00:52:35Z,True,24,1,401656363,2024,3,2,Boston,Celtics,BOS,Boston,6,Dallas,Mavericks,DAL,Dallas,2.5,True,False,2.5,1,5:46,5.0,46.0,False,False,1,1,1.0,1.0,1.0,1.0,346.0,1066.0,2506.0,345.0,1065.0,2505.0,1,home,0022B4,99bfe5
56,40165636387,87,92,Jump Shot,Josh Green makes 27-foot three point jumper (Luka Doncic assists),11,13,1,1st Quarter,5:28,True,3,6.0,4432811.0,3945274.0,,2024-06-18T00:52:54Z,True,23,28,401656363,2024,3,2,Boston,Celtics,BOS,Boston,6,Dallas,Mavericks,DAL,Dallas,2.5,True,False,2.5,1,5:28,5.0,28.0,False,False,1,1,1.0,1.0,1.0,1.0,328.0,1048.0,2488.0,309.0,1029.0,2469.0,1,away,0022B4,99bfe5
57,40165636389,89,110,Driving Layup Shot,P.J. Washington blocks Jayson Tatum 's 7-foot driving layup,11,13,1,1st Quarter,5:09,False,0,2.0,4065648.0,4278078.0,,2024-06-18T00:53:15Z,True,19,4,401656363,2024,3,2,Boston,Celtics,BOS,Boston,6,Dallas,Mavericks,DAL,Dallas,2.5,True,False,2.5,1,5:09,5.0,9.0,False,False,1,1,1.0,1.0,1.0,1.0,309.0,1029.0,2469.0,308.0,1028.0,2468.0,1,home,0022B4,99bfe5
61,40165636397,97,92,Jump Shot,Derrick White makes 26-foot three point jumper (Jayson Tatum assists),11,16,1,1st Quarter,5:03,True,3,2.0,3078576.0,4065648.0,,2024-06-18T00:53:44Z,True,10,22,401656363,2024,3,2,Boston,Celtics,BOS,Boston,6,Dallas,Mavericks,DAL,Dallas,2.5,True,False,2.5,1,5:03,5.0,3.0,False,False,1,1,1.0,1.0,1.0,1.0,303.0,1023.0,2463.0,287.0,1007.0,2447.0,1,home,0022B4,99bfe5
62,40165636399,99,92,Jump Shot,P.J. Washington misses 26-foot three point jumper,11,16,1,1st Quarter,4:47,False,0,6.0,4278078.0,,,2024-06-18T00:53:59Z,True,36,24,401656363,2024,3,2,Boston,Celtics,BOS,Boston,6,Dallas,Mavericks,DAL,Dallas,2.5,True,False,2.5,1,4:47,4.0,47.0,False,False,1,1,1.0,1.0,1.0,1.0,287.0,1007.0,2447.0,285.0,1005.0,2445.0,1,away,0022B4,99bfe5
64,401656363101,101,92,Jump Shot,Kristaps Porzingis misses 25-foot three point jumper,11,16,1,1st Quarter,4:34,False,0,2.0,3102531.0,,,2024-06-18T00:54:11Z,True,33,24,401656363,2024,3,2,Boston,Celtics,BOS,Boston,6,Dallas,Mavericks,DAL,Dallas,2.5,True,False,2.5,1,4:34,4.0,34.0,False,False,1,1,1.0,1.0,1.0,1.0,274.0,994.0,2434.0,272.0,992.0,2432.0,1,home,0022B4,99bfe5
66,401656363103,103,137,Turnaround Fade Away Jump Shot,Jayson Tatum misses 7-foot two point shot,11,16,1,1st Quarter,4:23,False,0,2.0,4065648.0,,,2024-06-18T00:54:23Z,True,29,6,401656363,2024,3,2,Boston,Celtics,BOS,Boston,6,Dallas,Mavericks,DAL,Dallas,2.5,True,False,2.5,1,4:23,4.0,23.0,False,False,1,1,1.0,1.0,1.0,1.0,263.0,983.0,2423.0,261.0,981.0,2421.0,1,home,0022B4,99bfe5
68,401656363105,105,118,Alley Oop Dunk Shot,Dereck Lively II makes alley oop dunk shot (Kyrie Irving assists),13,16,1,1st Quarter,3:57,True,2,6.0,4683688.0,6442.0,,2024-06-18T00:54:49Z,True,25,1,401656363,2024,3,2,Boston,Celtics,BOS,Boston,6,Dallas,Mavericks,DAL,Dallas,2.5,True,False,2.5,1,3:57,3.0,57.0,False,False,1,1,1.0,1.0,1.0,1.0,237.0,957.0,2397.0,236.0,956.0,2396.0,1,away,0022B4,99bfe5
71,401656363110,110,131,Pullup Jump Shot,Derrick White misses 26-foot three point pullup jump shot,13,16,1,1st Quarter,3:42,False,0,2.0,3078576.0,,,2024-06-18T00:58:48Z,True,35,25,401656363,2024,3,2,Boston,Celtics,BOS,Boston,6,Dallas,Mavericks,DAL,Dallas,2.5,True,False,2.5,1,3:42,3.0,42.0,False,False,1,1,1.0,1.0,1.0,1.0,222.0,942.0,2382.0,220.0,940.0,2380.0,1,home,0022B4,99bfe5
73,401656363112,112,121,Fade Away Jump Shot,Luka Doncic makes 19-foot two point shot,15,16,1,1st Quarter,3:23,True,2,6.0,3945274.0,,,2024-06-18T00:59:07Z,True,14,16,401656363,2024,3,2,Boston,Celtics,BOS,Boston,6,Dallas,Mavericks,DAL,Dallas,2.5,True,False,2.5,1,3:23,3.0,23.0,False,False,1,1,1.0,1.0,1.0,1.0,203.0,923.0,2363.0,187.0,907.0,2347.0,1,away,0022B4,99bfe5
79,401656363120,120,131,Pullup Jump Shot,Luka Doncic misses 17-foot pullup jump shot,15,17,1,1st Quarter,2:53,False,0,6.0,3945274.0,,,2024-06-18T01:00:26Z,True,26,18,401656363,2024,3,2,Boston,Celtics,BOS,Boston,6,Dallas,Mavericks,DAL,Dallas,2.5,True,False,2.5,1,2:53,2.0,53.0,False,False,1,1,1.0,1.0,1.0,1.0,173.0,893.0,2333.0,172.0,892.0,2332.0,1,away,0022B4,99bfe5
81,401656363122,122,144,Driving Floating Jump Shot,Derrick White misses driving floating jump shot,15,17,1,1st Quarter,2:39,False,0,2.0,3078576.0,,,2024-06-18T01:00:40Z,True,30,2,401656363,2024,3,2,Boston,Celtics,BOS,Boston,6,Dallas,Mavericks,DAL,Dallas,2.5,True,False,2.5,1,2:39,2.0,39.0,False,False,1,1,1.0,1.0,1.0,1.0,159.0,879.0,2319.0,158.0,878.0,2318.0,1,home,0022B4,99bfe5
88,401656363133,133,131,Pullup Jump Shot,Jaylen Brown misses 26-foot three point pullup jump shot,15,17,1,1st Quarter,2:22,False,0,2.0,3917376.0,,,2024-06-18T01:01:40Z,True,8,21,401656363,2024,3,2,Boston,Celtics,BOS,Boston,6,Dallas,Mavericks,DAL,Dallas,2.5,True,False,2.5,1,2:22,2.0,22.0,False,False,1,1,1.0,1.0,1.0,1.0,142.0,862.0,2302.0,140.0,860.0,2300.0,1,home,0022B4,99bfe5
90,401656363135,135,128,Driving Finger Roll Layup,Jayson Tatum makes two point shot,15,19,1,1st Quarter,2:12,True,2,2.0,4065648.0,,,2024-06-18T01:01:51Z,True,25,1,401656363,2024,3,2,Boston,Celtics,BOS,Boston,6,Dallas,Mavericks,DAL,Dallas,2.5,True,False,2.5,1,2:12,2.0,12.0,False,False,1,1,1.0,1.0,1.0,1.0,132.0,852.0,2292.0,115.0,835.0,2275.0,1,home,0022B4,99bfe5
91,401656363136,136,131,Pullup Jump Shot,Dante Exum makes 26-foot three pointer,18,19,1,1st Quarter,1:55,True,3,6.0,3102528.0,,,2024-06-18T01:02:07Z,True,36,24,401656363,2024,3,2,Boston,Celtics,BOS,Boston,6,Dallas,Mavericks,DAL,Dallas,2.5,True,False,2.5,1,1:55,1.0,55.0,False,False,1,1,1.0,1.0,1.0,1.0,115.0,835.0,2275.0,99.0,819.0,2259.0,1,away,0022B4,99bfe5
92,401656363137,137,151,Cutting Dunk Shot,Jaylen Brown makes 1-foot dunk (Jrue Holiday assists),18,21,1,1st Quarter,1:39,True,2,2.0,3917376.0,3995.0,,2024-06-18T01:02:23Z,True,25,2,401656363,2024,3,2,Boston,Celtics,BOS,Boston,6,Dallas,Mavericks,DAL,Dallas,2.5,True,False,2.5,1,1:39,1.0,39.0,False,False,1,1,1.0,1.0,1.0,1.0,99.0,819.0,2259.0,73.0,793.0,2233.0,1,home,0022B4,99bfe5
93,401656363139,139,92,Jump Shot,Maxi Kleber misses 28-foot three point jumper,18,21,1,1st Quarter,1:13,False,0,6.0,2960236.0,,,2024-06-18T01:02:49Z,True,10,24,401656363,2024,3,2,Boston,Celtics,BOS,Boston,6,Dallas,Mavericks,DAL,Dallas,2.5,True,False,2.5,1,1:13,1.0,13.0,False,False,1,1,1.0,1.0,1.0,1.0,73.0,793.0,2233.0,72.0,792.0,2232.0,1,away,0022B4,99bfe5
95,401656363141,141,92,Jump Shot,Sam Hauser makes 26-foot three point jumper (Jrue Holiday assists),18,24,1,1st Quarter,1:04,True,3,2.0,4065804.0,3995.0,,2024-06-18T01:02:58Z,True,43,20,401656363,2024,3,2,Boston,Celtics,BOS,Boston,6,Dallas,Mavericks,DAL,Dallas,2.5,True,False,2.5,1,1:04,1.0,4.0,False,False,1,1,1.0,1.0,1.0,1.0,64.0,784.0,2224.0,54.0,774.0,2214.0,1,home,0022B4,99bfe5
97,401656363145,145,127,Layup Running Reverse,Jaylen Brown makes two point shot (Jayson Tatum assists),18,26,1,1st Quarter,0:49.1,True,2,2.0,3917376.0,4065648.0,,2024-06-18T01:03:14Z,True,26,2,401656363,2024,3,2,Boston,Celtics,BOS,Boston,6,Dallas,Mavericks,DAL,Dallas,2.5,True,False,2.5,1,0:49.1,0.0,49.09999847412109,False,False,1,1,1.0,1.0,1.0,1.0,49.09999847412109,769.0999755859375,2209.10009765625,41.20000076293945,761.2000122070312,2201.199951171875,1,home,0022B4,99bfe5
99,401656363149,149,109,Running Layup Shot,Jayson Tatum makes two point shot,18,28,1,1st Quarter,0:38.1,True,2,2.0,4065648.0,,,2024-06-18T01:03:30Z,True,26,2,401656363,2024,3,2,Boston,Celtics,BOS,Boston,6,Dallas,Mavericks,DAL,Dallas,2.5,True,False,2.5,1,0:38.1,0.0,38.09999847412109,False,False,1,1,1.0,1.0,1.0,1.0,38.09999847412109,758.0999755859375,2198.10009765625,28.100000381469727,748.0999755859375,2188.10009765625,1,home,0022B4,99bfe5
100,401656363150,150,92,Jump Shot,Maxi Kleber misses 31-foot three point jumper,18,28,1,1st Quarter,0:28.1,False,0,6.0,2960236.0,,,2024-06-18T01:03:44Z,True,35,30,401656363,2024,3,2,Boston,Celtics,BOS,Boston,6,Dallas,Mavericks,DAL,Dallas,2.5,True,False,2.5,1,0:28.1,0.0,28.100000381469727,False,False,1,1,1.0,1.0,1.0,1.0,28.100000381469727,748.0999755859375,2188.10009765625,26.100000381469727,746.0999755859375,2186.10009765625,1,away,0022B4,99bfe5
102,401656363152,152,132,Step Back Jump Shot,Jayson Tatum misses 27-foot step back jumpshot,18,28,1,1st Quarter,0:5.1,False,0,2.0,4065648.0,,,2024-06-18T01:04:07Z,True,11,24,401656363,2024,3,2,Boston,Celtics,BOS,Boston,6,Dallas,Mavericks,DAL,Dallas,2.5,True,False,2.5,1,0:5.1,0.0,5.099999904632568,False,False,1,1,1.0,1.0,1.0,1.0,5.099999904632568,725.0999755859375,2165.10009765625,3.0999999046325684,723.0999755859375,2163.10009765625,1,home,0022B4,99bfe5
109,401656363165,165,110,Driving Layup Shot,Derrick Jones Jr. makes driving layup (Kyrie Irving assists),20,28,2,2nd Quarter,11:36,True,2,6.0,3936099.0,6442.0,,2024-06-18T01:08:25Z,True,23,3,401656363,2024,3,2,Boston,Celtics,BOS,Boston,6,Dallas,Mavericks,DAL,Dallas,2.5,True,False,2.5,2,11:36,11.0,36.0,False,False,1,1,2.0,2.0,1.0,1.0,696.0,696.0,2136.0,675.0,675.0,2115.0,2,away,0022B4,99bfe5
110,401656363167,167,92,Jump Shot,Sam Hauser makes 26-foot three point jumper (Jayson Tatum assists),20,31,2,2nd Quarter,11:15,True,3,2.0,4065804.0,4065648.0,,2024-06-18T01:08:46Z,True,7,20,401656363,2024,3,2,Boston,Celtics,BOS,Boston,6,Dallas,Mavericks,DAL,Dallas,2.5,True,False,2.5,2,11:15,11.0,15.0,False,False,1,1,2.0,2.0,1.0,1.0,675.0,675.0,2115.0,649.0,649.0,2089.0,2,home,0022B4,99bfe5
111,401656363169,169,144,Driving Floating Jump Shot,Kyrie Irving makes 5-foot driving floating jump shot,22,31,2,2nd Quarter,10:49,True,2,6.0,6442.0,,,2024-06-18T01:09:13Z,True,28,5,401656363,2024,3,2,Boston,Celtics,BOS,Boston,6,Dallas,Mavericks,DAL,Dallas,2.5,True,False,2.5,2,10:49,10.0,49.0,False,False,1,1,2.0,2.0,1.0,1.0,649.0,649.0,2089.0,623.0,623.0,2063.0,2,away,0022B4,99bfe5
112,401656363170,170,92,Jump Shot,Jaylen Brown makes 23-foot three point jumper (Jayson Tatum assists),22,34,2,2nd Quarter,10:23,True,3,2.0,3917376.0,4065648.0,,2024-06-18T01:09:37Z,True,2,2,401656363,2024,3,2,Boston,Celtics,BOS,Boston,6,Dallas,Mavericks,DAL,Dallas,2.5,True,False,2.5,2,10:23,10.0,23.0,False,False,1,1,2.0,2.0,1.0,1.0,623.0,623.0,2063.0,611.0,611.0,2051.0,2,home,0022B4,99bfe5
113,401656363172,172,110,Driving Layup Shot,Kyrie Irving misses driving layup,22,34,2,2nd Quarter,10:11,False,0,6.0,6442.0,,,2024-06-18T01:09:51Z,True,22,3,401656363,2024,3,2,Boston,Celtics,BOS,Boston,6,Dallas,Mavericks,DAL,Dallas,2.5,True,False,2.5,2,10:11,10.0,11.0,False,False,1,1,2.0,2.0,1.0,1.0,611.0,611.0,2051.0,610.0,610.0,2050.0,2,away,0022B4,99bfe5
118,401656363180,180,131,Pullup Jump Shot,Jaylen Brown misses 26-foot three point pullup jump shot,22,34,2,2nd Quarter,9:50,False,0,2.0,3917376.0,,,2024-06-18T01:10:36Z,True,29,26,401656363,2024,3,2,Boston,Celtics,BOS,Boston,6,Dallas,Mavericks,DAL,Dallas,2.5,True,False,2.5,2,9:50,9.0,50.0,False,False,1,1,2.0,2.0,1.0,1.0,590.0,590.0,2030.0,589.0,589.0,2029.0,2,home,0022B4,99bfe5
120,401656363182,182,146,Running Pullup Jump Shot,P.J. Washington misses running pullup jump shot,22,34,2,2nd Quarter,9:41,False,0,6.0,4278078.0,,,2024-06-18T01:10:46Z,True,7,21,401656363,2024,3,2,Boston,Celtics,BOS,Boston,6,Dallas,Mavericks,DAL,Dallas,2.5,True,False,2.5,2,9:41,9.0,41.0,False,False,1,1,2.0,2.0,1.0,1.0,581.0,581.0,2021.0,579.0,579.0,2019.0,2,away,0022B4,99bfe5
122,401656363184,184,92,Jump Shot,Luka Doncic misses 26-foot three point jumper,22,34,2,2nd Quarter,9:29,False,0,6.0,3945274.0,,,2024-06-18T01:10:58Z,True,1,11,401656363,2024,3,2,Boston,Celtics,BOS,Boston,6,Dallas,Mavericks,DAL,Dallas,2.5,True,False,2.5,2,9:29,9.0,29.0,False,False,1,1,2.0,2.0,1.0,1.0,569.0,569.0,2009.0,568.0,568.0,2008.0,2,away,0022B4,99bfe5
126,401656363190,190,131,Pullup Jump Shot,Kristaps Porzingis makes 4-foot pullup jump shot (Jayson Tatum assists),22,36,2,2nd Quarter,9:10,True,2,2.0,3102531.0,4065648.0,,2024-06-18T01:11:49Z,True,27,5,401656363,2024,3,2,Boston,Celtics,BOS,Boston,6,Dallas,Mavericks,DAL,Dallas,2.5,True,False,2.5,2,9:10,9.0,10.0,False,False,1,1,2.0,2.0,1.0,1.0,550.0,550.0,1990.0,526.0,526.0,1966.0,2,home,0022B4,99bfe5
127,401656363192,192,142,Cutting Finger Roll Layup Shot,Maxi Kleber makes layup (Luka Doncic assists),24,36,2,2nd Quarter,8:46,True,2,6.0,2960236.0,3945274.0,,2024-06-18T01:12:14Z,True,24,3,401656363,2024,3,2,Boston,Celtics,BOS,Boston,6,Dallas,Mavericks,DAL,Dallas,2.5,True,False,2.5,2,8:46,8.0,46.0,False,False,1,1,2.0,2.0,1.0,1.0,526.0,526.0,1966.0,507.0,507.0,1947.0,2,away,0022B4,99bfe5
132,401656363200,200,131,Pullup Jump Shot,Kyrie Irving makes 27-foot three pointer,27,38,2,2nd Quarter,8:21,True,3,6.0,6442.0,,,2024-06-18T01:13:39Z,True,34,26,401656363,2024,3,2,Boston,Celtics,BOS,Boston,6,Dallas,Mavericks,DAL,Dallas,2.5,True,False,2.5,2,8:21,8.0,21.0,False,False,1,1,2.0,2.0,1.0,1.0,501.0,501.0,1941.0,490.0,490.0,1930.0,2,away,0022B4,99bfe5
133,401656363201,201,131,Pullup Jump Shot,Jrue Holiday makes 24-foot three pointer,27,41,2,2nd Quarter,8:10,True,3,2.0,3995.0,,,2024-06-18T01:13:49Z,True,47,13,401656363,2024,3,2,Boston,Celtics,BOS,Boston,6,Dallas,Mavericks,DAL,Dallas,2.5,True,False,2.5,2,8:10,8.0,10.0,False,False,1,1,2.0,2.0,1.0,1.0,490.0,490.0,1930.0,483.0,483.0,1923.0,2,home,0022B4,99bfe5
136,401656363206,206,92,Jump Shot,Derrick Jones Jr. makes 25-foot three point jumper (Kyrie Irving assists),30,41,2,2nd Quarter,7:56,True,3,6.0,3936099.0,6442.0,,2024-06-18T01:14:29Z,True,2,10,401656363,2024,3,2,Boston,Celtics,BOS,Boston,6,Dallas,Mavericks,DAL,Dallas,2.5,True,False,2.5,2,7:56,7.0,56.0,False,False,1,1,2.0,2.0,1.0,1.0,476.0,476.0,1916.0,452.0,452.0,1892.0,2,away,0022B4,99bfe5
137,401656363208,208,110,Driving Layup Shot,Jayson Tatum makes driving layup,30,43,2,2nd Quarter,7:32,True,2,2.0,4065648.0,,,2024-06-18T01:14:54Z,True,27,2,401656363,2024,3,2,Boston,Celtics,BOS,Boston,6,Dallas,Mavericks,DAL,Dallas,2.5,True,False,2.5,2,7:32,7.0,32.0,False,False,1,1,2.0,2.0,1.0,1.0,452.0,452.0,1892.0,443.0,443.0,1883.0,2,home,0022B4,99bfe5
142,401656363214,214,110,Driving Layup Shot,Jayson Tatum makes driving layup,31,45,2,2nd Quarter,7:08,True,2,2.0,4065648.0,,,2024-06-18T01:16:23Z,True,26,2,401656363,2024,3,2,Boston,Celtics,BOS,Boston,6,Dallas,Mavericks,DAL,Dallas,2.5,True,False,2.5,2,7:08,7.0,8.0,False,False,1,1,2.0,2.0,1.0,1.0,428.0,428.0,1868.0,428.0,428.0,1868.0,2,home,0022B4,99bfe5
154,401656363231,231,109,Running Layup Shot,Jrue Holiday misses two point shot,31,46,2,2nd Quarter,6:47,False,0,2.0,3995.0,,,2024-06-18T01:21:59Z,True,23,3,401656363,2024,3,2,Boston,Celtics,BOS,Boston,6,Dallas,Mavericks,DAL,Dallas,2.5,True,False,2.5,2,6:47,6.0,47.0,False,False,1,1,2.0,2.0,1.0,1.0,407.0,407.0,1847.0,405.0,405.0,1845.0,2,home,0022B4,99bfe5
156,401656363234,234,94,Tip Shot,Jrue Holiday misses 3-foot tip shot,31,46,2,2nd Quarter,6:45,False,0,2.0,3995.0,,,2024-06-18T01:22:02Z,True,23,2,401656363,2024,3,2,Boston,Celtics,BOS,Boston,6,Dallas,Mavericks,DAL,Dallas,2.5,True,False,2.5,2,6:45,6.0,45.0,False,False,1,1,2.0,2.0,1.0,1.0,405.0,405.0,1845.0,403.0,403.0,1843.0,2,home,0022B4,99bfe5
158,401656363236,236,92,Jump Shot,Kyrie Irving misses 26-foot three point jumper,31,46,2,2nd Quarter,6:32,False,0,6.0,6442.0,,,2024-06-18T01:22:14Z,True,43,20,401656363,2024,3,2,Boston,Celtics,BOS,Boston,6,Dallas,Mavericks,DAL,Dallas,2.5,True,False,2.5,2,6:32,6.0,32.0,False,False,1,1,2.0,2.0,1.0,1.0,392.0,392.0,1832.0,391.0,391.0,1831.0,2,away,0022B4,99bfe5
161,401656363241,241,118,Alley Oop Dunk Shot,Daniel Gafford makes 1-foot alley oop dunk shot (P.J. Washington assists),33,46,2,2nd Quarter,6:25,True,2,6.0,4278049.0,4278078.0,,2024-06-18T01:22:47Z,True,25,2,401656363,2024,3,2,Boston,Celtics,BOS,Boston,6,Dallas,Mavericks,DAL,Dallas,2.5,True,False,2.5,2,6:25,6.0,25.0,False,False,1,1,2.0,2.0,1.0,1.0,385.0,385.0,1825.0,368.0,368.0,1808.0,2,away,0022B4,99bfe5
163,401656363244,244,151,Cutting Dunk Shot,Daniel Gafford makes dunk (Kyrie Irving assists),35,46,2,2nd Quarter,6:00,True,2,6.0,4278049.0,6442.0,,2024-06-18T01:23:27Z,True,25,1,401656363,2024,3,2,Boston,Celtics,BOS,Boston,6,Dallas,Mavericks,DAL,Dallas,2.5,True,False,2.5,2,6:00,6.0,0.0,False,False,1,1,2.0,2.0,1.0,1.0,360.0,360.0,1800.0,339.0,339.0,1779.0,2,away,0022B4,99bfe5
164,401656363246,246,92,Jump Shot,Derrick White misses 26-foot three point jumper,35,46,2,2nd Quarter,5:39,False,0,2.0,3078576.0,,,2024-06-18T01:23:48Z,True,9,21,401656363,2024,3,2,Boston,Celtics,BOS,Boston,6,Dallas,Mavericks,DAL,Dallas,2.5,True,False,2.5,2,5:39,5.0,39.0,False,False,1,1,2.0,2.0,1.0,1.0,339.0,339.0,1779.0,337.0,337.0,1777.0,2,home,0022B4,99bfe5
166,401656363248,248,110,Driving Layup Shot,Jayson Tatum makes driving layup (Sam Hauser assists),35,48,2,2nd Quarter,5:33,True,2,2.0,4065648.0,4065804.0,,2024-06-18T01:23:55Z,True,26,2,401656363,2024,3,2,Boston,Celtics,BOS,Boston,6,Dallas,Mavericks,DAL,Dallas,2.5,True,False,2.5,2,5:33,5.0,33.0,False,False,1,1,2.0,2.0,1.0,1.0,333.0,333.0,1773.0,310.0,310.0,1750.0,2,home,0022B4,99bfe5
167,401656363250,250,110,Driving Layup Shot,P.J. Washington makes driving layup (Kyrie Irving assists),37,48,2,2nd Quarter,5:10,True,2,6.0,4278078.0,6442.0,,2024-06-18T01:24:18Z,True,25,1,401656363,2024,3,2,Boston,Celtics,BOS,Boston,6,Dallas,Mavericks,DAL,Dallas,2.5,True,False,2.5,2,5:10,5.0,10.0,False,False,1,1,2.0,2.0,1.0,1.0,310.0,310.0,1750.0,300.0,300.0,1740.0,2,away,0022B4,99bfe5
168,401656363252,252,110,Driving Layup Shot,Jrue Holiday misses driving layup,37,48,2,2nd Quarter,5:00,False,0,2.0,3995.0,,,2024-06-18T01:24:28Z,True,23,2,401656363,2024,3,2,Boston,Celtics,BOS,Boston,6,Dallas,Mavericks,DAL,Dallas,2.5,True,False,2.5,2,5:00,5.0,0.0,False,False,1,1,2.0,2.0,1.0,1.0,300.0,300.0,1740.0,299.0,299.0,1739.0,2,home,0022B4,99bfe5
170,401656363254,254,109,Running Layup Shot,Derrick Jones Jr. makes two point shot (P.J. Washington assists),39,48,2,2nd Quarter,4:54,True,2,6.0,3936099.0,4278078.0,,2024-06-18T01:24:33Z,True,24,3,401656363,2024,3,2,Boston,Celtics,BOS,Boston,6,Dallas,Mavericks,DAL,Dallas,2.5,True,False,2.5,2,4:54,4.0,54.0,False,False,1,1,2.0,2.0,1.0,1.0,294.0,294.0,1734.0,293.0,293.0,1733.0,2,away,0022B4,99bfe5
173,401656363259,259,110,Driving Layup Shot,Derrick Jones Jr. blocks Jaylen Brown 's 7-foot driving layup,39,48,2,2nd Quarter,4:36,False,0,2.0,3917376.0,3936099.0,,2024-06-18T01:28:37Z,True,19,4,401656363,2024,3,2,Boston,Celtics,BOS,Boston,6,Dallas,Mavericks,DAL,Dallas,2.5,True,False,2.5,2,4:36,4.0,36.0,False,False,1,1,2.0,2.0,1.0,1.0,276.0,276.0,1716.0,275.0,275.0,1715.0,2,home,0022B4,99bfe5
175,401656363263,263,92,Jump Shot,Derrick White misses 23-foot three point jumper,39,48,2,2nd Quarter,4:33,False,0,2.0,3078576.0,,,2024-06-18T01:28:54Z,True,2,3,401656363,2024,3,2,Boston,Celtics,BOS,Boston,6,Dallas,Mavericks,DAL,Dallas,2.5,True,False,2.5,2,4:33,4.0,33.0,False,False,1,1,2.0,2.0,1.0,1.0,273.0,273.0,1713.0,269.0,269.0,1709.0,2,home,0022B4,99bfe5
177,401656363265,265,132,Step Back Jump Shot,Sam Hauser misses 22-foot step back jumpshot,39,48,2,2nd Quarter,4:27,False,0,2.0,4065804.0,,,2024-06-18T01:29:01Z,True,47,5,401656363,2024,3,2,Boston,Celtics,BOS,Boston,6,Dallas,Mavericks,DAL,Dallas,2.5,True,False,2.5,2,4:27,4.0,27.0,False,False,1,1,2.0,2.0,1.0,1.0,267.0,267.0,1707.0,265.0,265.0,1705.0,2,home,0022B4,99bfe5
180,401656363269,269,128,Driving Finger Roll Layup,Jaylen Brown misses two point shot,39,48,2,2nd Quarter,3:54,False,0,2.0,3917376.0,,,2024-06-18T01:30:04Z,True,24,1,401656363,2024,3,2,Boston,Celtics,BOS,Boston,6,Dallas,Mavericks,DAL,Dallas,2.5,True,False,2.5,2,3:54,3.0,54.0,False,False,1,1,2.0,2.0,1.0,1.0,234.0,234.0,1674.0,232.0,232.0,1672.0,2,home,0022B4,99bfe5
182,401656363271,271,121,Fade Away Jump Shot,Luka Doncic misses 12-foot two point shot,39,48,2,2nd Quarter,3:46,False,0,6.0,3945274.0,,,2024-06-18T01:30:12Z,True,20,12,401656363,2024,3,2,Boston,Celtics,BOS,Boston,6,Dallas,Mavericks,DAL,Dallas,2.5,True,False,2.5,2,3:46,3.0,46.0,False,False,1,1,2.0,2.0,1.0,1.0,226.0,226.0,1666.0,225.0,225.0,1665.0,2,away,0022B4,99bfe5
184,401656363273,273,110,Driving Layup Shot,Al Horford makes driving layup,39,50,2,2nd Quarter,3:25,True,2,2.0,3213.0,,,2024-06-18T01:30:34Z,True,27,3,401656363,2024,3,2,Boston,Celtics,BOS,Boston,6,Dallas,Mavericks,DAL,Dallas,2.5,True,False,2.5,2,3:25,3.0,25.0,False,False,1,1,2.0,2.0,1.0,1.0,205.0,205.0,1645.0,191.0,191.0,1631.0,2,home,0022B4,99bfe5
190,401656363282,282,141,Cutting Layup Shot,Jrue Holiday makes layup (Jayson Tatum assists),39,52,2,2nd Quarter,2:51,True,2,2.0,3995.0,4065648.0,,2024-06-18T01:32:55Z,True,25,1,401656363,2024,3,2,Boston,Celtics,BOS,Boston,6,Dallas,Mavericks,DAL,Dallas,2.5,True,False,2.5,2,2:51,2.0,51.0,False,False,1,1,2.0,2.0,1.0,1.0,171.0,171.0,1611.0,150.0,150.0,1590.0,2,home,0022B4,99bfe5
192,401656363286,286,109,Running Layup Shot,Jaylen Brown makes two point shot (Al Horford assists),39,54,2,2nd Quarter,2:26,True,2,2.0,3917376.0,3213.0,,2024-06-18T01:33:20Z,True,26,2,401656363,2024,3,2,Boston,Celtics,BOS,Boston,6,Dallas,Mavericks,DAL,Dallas,2.5,True,False,2.5,2,2:26,2.0,26.0,False,False,1,1,2.0,2.0,1.0,1.0,146.0,146.0,1586.0,131.0,131.0,1571.0,2,home,0022B4,99bfe5
193,401656363287,287,92,Jump Shot,Josh Green makes 24-foot three point jumper (P.J. Washington assists),42,54,2,2nd Quarter,2:11,True,3,6.0,4432811.0,4278078.0,,2024-06-18T01:33:34Z,True,1,5,401656363,2024,3,2,Boston,Celtics,BOS,Boston,6,Dallas,Mavericks,DAL,Dallas,2.5,True,False,2.5,2,2:11,2.0,11.0,False,False,1,1,2.0,2.0,1.0,1.0,131.0,131.0,1571.0,112.0,112.0,1552.0,2,away,0022B4,99bfe5
194,401656363290,290,92,Jump Shot,Jaylen Brown makes 24-foot three point jumper (Jayson Tatum assists),42,57,2,2nd Quarter,1:52,True,3,2.0,3917376.0,4065648.0,,2024-06-18T01:35:17Z,True,47,10,401656363,2024,3,2,Boston,Celtics,BOS,Boston,6,Dallas,Mavericks,DAL,Dallas,2.5,True,False,2.5,2,1:52,1.0,52.0,False,False,1,1,2.0,2.0,1.0,1.0,112.0,112.0,1552.0,95.0,95.0,1535.0,2,home,0022B4,99bfe5
195,401656363292,292,110,Driving Layup Shot,Kyrie Irving misses driving layup,42,57,2,2nd Quarter,1:35,False,0,6.0,6442.0,,,2024-06-18T01:35:33Z,True,29,5,401656363,2024,3,2,Boston,Celtics,BOS,Boston,6,Dallas,Mavericks,DAL,Dallas,2.5,True,False,2.5,2,1:35,1.0,35.0,False,False,1,1,2.0,2.0,1.0,1.0,95.0,95.0,1535.0,93.0,93.0,1533.0,2,away,0022B4,99bfe5
197,401656363294,294,92,Jump Shot,Derrick White makes 22-foot three point jumper (Jaylen Brown assists),42,60,2,2nd Quarter,1:20,True,3,2.0,3078576.0,3917376.0,,2024-06-18T01:35:48Z,True,47,-1,401656363,2024,3,2,Boston,Celtics,BOS,Boston,6,Dallas,Mavericks,DAL,Dallas,2.5,True,False,2.5,2,1:20,1.0,20.0,False,False,1,1,2.0,2.0,1.0,1.0,80.0,80.0,1520.0,63.0,63.0,1503.0,2,home,0022B4,99bfe5
198,401656363296,296,110,Driving Layup Shot,Luka Doncic makes driving layup,44,60,2,2nd Quarter,1:03,True,2,6.0,3945274.0,,,2024-06-18T01:36:05Z,True,25,2,401656363,2024,3,2,Boston,Celtics,BOS,Boston,6,Dallas,Mavericks,DAL,Dallas,2.5,True,False,2.5,2,1:03,1.0,3.0,False,False,1,1,2.0,2.0,1.0,1.0,63.0,63.0,1503.0,49.0,49.0,1489.0,2,away,0022B4,99bfe5
205,401656363306,306,92,Jump Shot,P.J. Washington misses 28-foot three point jumper,44,61,2,2nd Quarter,0:33.2,False,0,6.0,4278078.0,,,2024-06-18T01:37:58Z,True,35,27,401656363,2024,3,2,Boston,Celtics,BOS,Boston,6,Dallas,Mavericks,DAL,Dallas,2.5,True,False,2.5,2,0:33.2,0.0,33.20000076293945,False,False,1,1,2.0,2.0,1.0,1.0,33.20000076293945,33.20000076293945,1473.199951171875,31.100000381469727,31.100000381469727,1471.0999755859375,2,away,0022B4,99bfe5
207,401656363308,308,131,Pullup Jump Shot,Jayson Tatum makes 27-foot three pointer,44,64,2,2nd Quarter,0:13.1,True,3,2.0,4065648.0,,,2024-06-18T01:38:18Z,True,9,23,401656363,2024,3,2,Boston,Celtics,BOS,Boston,6,Dallas,Mavericks,DAL,Dallas,2.5,True,False,2.5,2,0:13.1,0.0,13.100000381469728,False,False,1,1,2.0,2.0,1.0,1.0,13.100000381469728,13.100000381469728,1453.0999755859375,4.0,4.0,1444.0,2,home,0022B4,99bfe5
208,401656363309,309,144,Driving Floating Jump Shot,Luka Doncic makes 5-foot driving floating jump shot,46,64,2,2nd Quarter,0:4.0,True,2,6.0,3945274.0,,,2024-06-18T01:38:34Z,True,23,5,401656363,2024,3,2,Boston,Celtics,BOS,Boston,6,Dallas,Mavericks,DAL,Dallas,2.5,True,False,2.5,2,0:4.0,0.0,4.0,False,False,1,1,2.0,2.0,1.0,1.0,4.0,4.0,1444.0,4.0,4.0,1444.0,2,away,0022B4,99bfe5
214,401656363318,318,131,Pullup Jump Shot,Payton Pritchard makes 43-foot three pointer (Al Horford assists),46,67,2,2nd Quarter,0:0.0,True,3,2.0,4066354.0,3213.0,,2024-06-18T01:39:33Z,True,44,39,401656363,2024,3,2,Boston,Celtics,BOS,Boston,6,Dallas,Mavericks,DAL,Dallas,2.5,True,False,2.5,2,0:0.0,0.0,0.0,False,False,1,1,2.0,2.0,1.0,1.0,0.0,0.0,1440.0,0.0,0.0,1440.0,2,home,0022B4,99bfe5
220,401656363333,333,110,Driving Layup Shot,Daniel Gafford misses driving layup,46,67,3,3rd Quarter,11:45,False,0,6.0,4278049.0,,,2024-06-18T01:57:18Z,True,28,1,401656363,2024,3,2,Boston,Celtics,BOS,Boston,6,Dallas,Mavericks,DAL,Dallas,2.5,True,False,2.5,3,11:45,11.0,45.0,False,False,2,2,3.0,3.0,2.0,2.0,705.0,1425.0,1425.0,704.0,1424.0,1424.0,3,away,0022B4,99bfe5
222,401656363335,335,137,Turnaround Fade Away Jump Shot,Jayson Tatum misses 11-foot two point shot,46,67,3,3rd Quarter,11:35,False,0,2.0,4065648.0,,,2024-06-18T01:57:26Z,True,33,8,401656363,2024,3,2,Boston,Celtics,BOS,Boston,6,Dallas,Mavericks,DAL,Dallas,2.5,True,False,2.5,3,11:35,11.0,35.0,False,False,2,2,3.0,3.0,2.0,2.0,695.0,1415.0,1415.0,694.0,1414.0,1414.0,3,home,0022B4,99bfe5
224,401656363337,337,137,Turnaround Fade Away Jump Shot,Luka Doncic makes 12-foot two point shot,48,67,3,3rd Quarter,11:24,True,2,6.0,3945274.0,,,2024-06-18T01:57:38Z,True,19,11,401656363,2024,3,2,Boston,Celtics,BOS,Boston,6,Dallas,Mavericks,DAL,Dallas,2.5,True,False,2.5,3,11:24,11.0,24.0,False,False,2,2,3.0,3.0,2.0,2.0,684.0,1404.0,1404.0,664.0,1384.0,1384.0,3,away,0022B4,99bfe5
225,401656363338,338,96,Dunk Shot,Jayson Tatum makes dunk (Jrue Holiday assists),48,69,3,3rd Quarter,11:04,True,2,2.0,4065648.0,3995.0,,2024-06-18T01:57:58Z,True,26,1,401656363,2024,3,2,Boston,Celtics,BOS,Boston,6,Dallas,Mavericks,DAL,Dallas,2.5,True,False,2.5,3,11:04,11.0,4.0,False,False,2,2,3.0,3.0,2.0,2.0,664.0,1384.0,1384.0,648.0,1368.0,1368.0,3,home,0022B4,99bfe5
226,401656363340,340,92,Jump Shot,Kyrie Irving misses 25-foot three point jumper,48,69,3,3rd Quarter,10:48,False,0,6.0,6442.0,,,2024-06-18T01:58:13Z,True,31,25,401656363,2024,3,2,Boston,Celtics,BOS,Boston,6,Dallas,Mavericks,DAL,Dallas,2.5,True,False,2.5,3,10:48,10.0,48.0,False,False,2,2,3.0,3.0,2.0,2.0,648.0,1368.0,1368.0,647.0,1367.0,1367.0,3,away,0022B4,99bfe5
229,401656363344,344,132,Step Back Jump Shot,Derrick White makes 27-foot step back jumpshot (Jrue Holiday assists),48,72,3,3rd Quarter,10:22,True,3,2.0,3078576.0,3995.0,,2024-06-18T01:59:04Z,True,7,21,401656363,2024,3,2,Boston,Celtics,BOS,Boston,6,Dallas,Mavericks,DAL,Dallas,2.5,True,False,2.5,3,10:22,10.0,22.0,False,False,2,2,3.0,3.0,2.0,2.0,622.0,1342.0,1342.0,603.0,1323.0,1323.0,3,home,0022B4,99bfe5
231,401656363348,348,141,Cutting Layup Shot,Daniel Gafford makes 2-foot layup (Kyrie Irving assists),50,72,3,3rd Quarter,10:00,True,2,6.0,4278049.0,6442.0,,2024-06-18T01:59:42Z,True,27,2,401656363,2024,3,2,Boston,Celtics,BOS,Boston,6,Dallas,Mavericks,DAL,Dallas,2.5,True,False,2.5,3,10:00,10.0,0.0,False,False,2,2,3.0,3.0,2.0,2.0,600.0,1320.0,1320.0,586.0,1306.0,1306.0,3,away,0022B4,99bfe5
232,401656363350,350,92,Jump Shot,Al Horford makes 23-foot three point jumper (Jaylen Brown assists),50,75,3,3rd Quarter,9:46,True,3,2.0,3213.0,3917376.0,,2024-06-18T01:59:55Z,True,1,3,401656363,2024,3,2,Boston,Celtics,BOS,Boston,6,Dallas,Mavericks,DAL,Dallas,2.5,True,False,2.5,3,9:46,9.0,46.0,False,False,2,2,3.0,3.0,2.0,2.0,586.0,1306.0,1306.0,577.0,1297.0,1297.0,3,home,0022B4,99bfe5
242,401656363365,365,141,Cutting Layup Shot,Jrue Holiday makes 4-foot layup (Jaylen Brown assists),52,78,3,3rd Quarter,9:10,True,2,2.0,3995.0,3917376.0,,2024-06-18T02:02:53Z,True,21,3,401656363,2024,3,2,Boston,Celtics,BOS,Boston,6,Dallas,Mavericks,DAL,Dallas,2.5,True,False,2.5,3,9:10,9.0,10.0,False,False,2,2,3.0,3.0,2.0,2.0,550.0,1270.0,1270.0,550.0,1270.0,1270.0,3,home,0022B4,99bfe5
245,401656363370,370,132,Step Back Jump Shot,Kyrie Irving misses 25-foot step back jumpshot,52,78,3,3rd Quarter,8:50,False,0,6.0,6442.0,,,2024-06-18T02:06:59Z,True,1,10,401656363,2024,3,2,Boston,Celtics,BOS,Boston,6,Dallas,Mavericks,DAL,Dallas,2.5,True,False,2.5,3,8:50,8.0,50.0,False,False,2,2,3.0,3.0,2.0,2.0,530.0,1250.0,1250.0,529.0,1249.0,1249.0,3,away,0022B4,99bfe5
247,401656363372,372,128,Driving Finger Roll Layup,Jayson Tatum misses two point shot,52,78,3,3rd Quarter,8:33,False,0,2.0,4065648.0,,,2024-06-18T02:07:17Z,True,25,4,401656363,2024,3,2,Boston,Celtics,BOS,Boston,6,Dallas,Mavericks,DAL,Dallas,2.5,True,False,2.5,3,8:33,8.0,33.0,False,False,2,2,3.0,3.0,2.0,2.0,513.0,1233.0,1233.0,512.0,1232.0,1232.0,3,home,0022B4,99bfe5
249,401656363374,374,92,Jump Shot,Luka Doncic misses 24-foot three point jumper,52,78,3,3rd Quarter,8:19,False,0,6.0,3945274.0,,,2024-06-18T02:07:30Z,True,47,10,401656363,2024,3,2,Boston,Celtics,BOS,Boston,6,Dallas,Mavericks,DAL,Dallas,2.5,True,False,2.5,3,8:19,8.0,19.0,False,False,2,2,3.0,3.0,2.0,2.0,499.0,1219.0,1219.0,498.0,1218.0,1218.0,3,away,0022B4,99bfe5
251,401656363376,376,125,Layup Shot Putback,Josh Green makes two point shot,54,78,3,3rd Quarter,8:17,True,2,6.0,4432811.0,,,2024-06-18T02:07:35Z,True,24,1,401656363,2024,3,2,Boston,Celtics,BOS,Boston,6,Dallas,Mavericks,DAL,Dallas,2.5,True,False,2.5,3,8:17,8.0,17.0,False,False,2,2,3.0,3.0,2.0,2.0,497.0,1217.0,1217.0,487.0,1207.0,1207.0,3,away,0022B4,99bfe5
252,401656363377,377,92,Jump Shot,Al Horford misses 23-foot three point jumper,54,78,3,3rd Quarter,8:07,False,0,2.0,3213.0,,,2024-06-18T02:07:43Z,True,49,2,401656363,2024,3,2,Boston,Celtics,BOS,Boston,6,Dallas,Mavericks,DAL,Dallas,2.5,True,False,2.5,3,8:07,8.0,7.0,False,False,2,2,3.0,3.0,2.0,2.0,487.0,1207.0,1207.0,486.0,1206.0,1206.0,3,home,0022B4,99bfe5
254,401656363379,379,121,Fade Away Jump Shot,Luka Doncic misses 17-foot two point shot,54,78,3,3rd Quarter,7:54,False,0,6.0,3945274.0,,,2024-06-18T02:07:55Z,True,41,7,401656363,2024,3,2,Boston,Celtics,BOS,Boston,6,Dallas,Mavericks,DAL,Dallas,2.5,True,False,2.5,3,7:54,7.0,54.0,False,False,2,2,3.0,3.0,2.0,2.0,474.0,1194.0,1194.0,472.0,1192.0,1192.0,3,away,0022B4,99bfe5
256,401656363381,381,92,Jump Shot,Jrue Holiday misses 27-foot three point jumper,54,78,3,3rd Quarter,7:40,False,0,2.0,3995.0,,,2024-06-18T02:08:08Z,True,5,19,401656363,2024,3,2,Boston,Celtics,BOS,Boston,6,Dallas,Mavericks,DAL,Dallas,2.5,True,False,2.5,3,7:40,7.0,40.0,False,False,2,2,3.0,3.0,2.0,2.0,460.0,1180.0,1180.0,459.0,1179.0,1179.0,3,home,0022B4,99bfe5
258,401656363383,383,137,Turnaround Fade Away Jump Shot,Kyrie Irving makes 11-foot two point shot,56,78,3,3rd Quarter,7:26,True,2,6.0,6442.0,,,2024-06-18T02:08:23Z,True,16,7,401656363,2024,3,2,Boston,Celtics,BOS,Boston,6,Dallas,Mavericks,DAL,Dallas,2.5,True,False,2.5,3,7:26,7.0,26.0,False,False,2,2,3.0,3.0,2.0,2.0,446.0,1166.0,1166.0,424.0,1144.0,1144.0,3,away,0022B4,99bfe5
260,401656363386,386,132,Step Back Jump Shot,Luka Doncic misses 26-foot step back jumpshot,56,78,3,3rd Quarter,6:55,False,0,6.0,3945274.0,,,2024-06-18T02:08:53Z,True,19,26,401656363,2024,3,2,Boston,Celtics,BOS,Boston,6,Dallas,Mavericks,DAL,Dallas,2.5,True,False,2.5,3,6:55,6.0,55.0,False,False,2,2,3.0,3.0,2.0,2.0,415.0,1135.0,1135.0,414.0,1134.0,1134.0,3,away,0022B4,99bfe5
262,401656363388,388,131,Pullup Jump Shot,Jaylen Brown misses 28-foot three point pullup jump shot,56,78,3,3rd Quarter,6:41,False,0,2.0,3917376.0,,,2024-06-18T02:09:09Z,True,35,27,401656363,2024,3,2,Boston,Celtics,BOS,Boston,6,Dallas,Mavericks,DAL,Dallas,2.5,True,False,2.5,3,6:41,6.0,41.0,False,False,2,2,3.0,3.0,2.0,2.0,401.0,1121.0,1121.0,398.0,1118.0,1118.0,3,home,0022B4,99bfe5
267,401656363396,396,122,Jump Shot Bank,Jayson Tatum misses 27-foot jump bank shot,56,78,3,3rd Quarter,6:14,False,0,2.0,4065648.0,,,2024-06-18T02:10:13Z,True,35,26,401656363,2024,3,2,Boston,Celtics,BOS,Boston,6,Dallas,Mavericks,DAL,Dallas,2.5,True,False,2.5,3,6:14,6.0,14.0,False,False,2,2,3.0,3.0,2.0,2.0,374.0,1094.0,1094.0,370.0,1090.0,1090.0,3,home,0022B4,99bfe5
269,401656363398,398,126,Layup Driving Reverse,Jrue Holiday misses two point shot,56,78,3,3rd Quarter,6:02,False,0,2.0,3995.0,,,2024-06-18T02:10:24Z,True,26,3,401656363,2024,3,2,Boston,Celtics,BOS,Boston,6,Dallas,Mavericks,DAL,Dallas,2.5,True,False,2.5,3,6:02,6.0,2.0,False,False,2,2,3.0,3.0,2.0,2.0,362.0,1082.0,1082.0,360.0,1080.0,1080.0,3,home,0022B4,99bfe5
271,401656363400,400,113,Running Jump Shot,Josh Green makes 22-foot three point shot (Kyrie Irving assists),59,78,3,3rd Quarter,5:55,True,3,6.0,4432811.0,6442.0,,2024-06-18T02:10:31Z,True,48,1,401656363,2024,3,2,Boston,Celtics,BOS,Boston,6,Dallas,Mavericks,DAL,Dallas,2.5,True,False,2.5,3,5:55,5.0,55.0,False,False,2,2,3.0,3.0,2.0,2.0,355.0,1075.0,1075.0,325.0,1045.0,1045.0,3,away,0022B4,99bfe5
272,401656363402,402,131,Pullup Jump Shot,Jrue Holiday makes 16-foot pullup jump shot (Jayson Tatum assists),59,80,3,3rd Quarter,5:25,True,2,2.0,3995.0,4065648.0,,2024-06-18T02:11:02Z,True,32,15,401656363,2024,3,2,Boston,Celtics,BOS,Boston,6,Dallas,Mavericks,DAL,Dallas,2.5,True,False,2.5,3,5:25,5.0,25.0,False,False,2,2,3.0,3.0,2.0,2.0,325.0,1045.0,1045.0,309.0,1029.0,1029.0,3,home,0022B4,99bfe5
273,401656363404,404,110,Driving Layup Shot,Luka Doncic makes driving layup,61,80,3,3rd Quarter,5:09,True,2,6.0,3945274.0,,,2024-06-18T02:11:20Z,True,26,2,401656363,2024,3,2,Boston,Celtics,BOS,Boston,6,Dallas,Mavericks,DAL,Dallas,2.5,True,False,2.5,3,5:09,5.0,9.0,False,False,2,2,3.0,3.0,2.0,2.0,309.0,1029.0,1029.0,309.0,1029.0,1029.0,3,away,0022B4,99bfe5
277,401656363410,410,151,Cutting Dunk Shot,Dereck Lively II blocks Jaylen Brown's dunk,62,80,3,3rd Quarter,4:52,False,0,2.0,3917376.0,4683688.0,,2024-06-18T02:12:22Z,True,26,1,401656363,2024,3,2,Boston,Celtics,BOS,Boston,6,Dallas,Mavericks,DAL,Dallas,2.5,True,False,2.5,3,4:52,4.0,52.0,False,False,2,2,3.0,3.0,2.0,2.0,292.0,1012.0,1012.0,290.0,1010.0,1010.0,3,home,0022B4,99bfe5
286,401656363425,425,131,Pullup Jump Shot,Kyrie Irving misses 9-foot pullup jump shot,62,82,3,3rd Quarter,4:32,False,0,6.0,6442.0,,,2024-06-18T02:13:50Z,True,31,8,401656363,2024,3,2,Boston,Celtics,BOS,Boston,6,Dallas,Mavericks,DAL,Dallas,2.5,True,False,2.5,3,4:32,4.0,32.0,False,False,2,2,3.0,3.0,2.0,2.0,272.0,992.0,992.0,269.0,989.0,989.0,3,away,0022B4,99bfe5
288,401656363429,429,110,Driving Layup Shot,Jayson Tatum misses driving layup,62,82,3,3rd Quarter,4:12,False,0,2.0,4065648.0,,,2024-06-18T02:14:09Z,True,27,3,401656363,2024,3,2,Boston,Celtics,BOS,Boston,6,Dallas,Mavericks,DAL,Dallas,2.5,True,False,2.5,3,4:12,4.0,12.0,False,False,2,2,3.0,3.0,2.0,2.0,252.0,972.0,972.0,250.0,970.0,970.0,3,home,0022B4,99bfe5
290,401656363431,431,109,Running Layup Shot,Luka Doncic makes two point shot,64,82,3,3rd Quarter,4:05,True,2,6.0,3945274.0,,,2024-06-18T02:14:16Z,True,28,2,401656363,2024,3,2,Boston,Celtics,BOS,Boston,6,Dallas,Mavericks,DAL,Dallas,2.5,True,False,2.5,3,4:05,4.0,5.0,False,False,2,2,3.0,3.0,2.0,2.0,245.0,965.0,965.0,245.0,965.0,965.0,3,away,0022B4,99bfe5
294,401656363439,439,121,Fade Away Jump Shot,Jaylen Brown misses 17-foot two point shot,64,82,3,3rd Quarter,3:41,False,0,2.0,3917376.0,,,2024-06-18T02:19:03Z,True,42,4,401656363,2024,3,2,Boston,Celtics,BOS,Boston,6,Dallas,Mavericks,DAL,Dallas,2.5,True,False,2.5,3,3:41,3.0,41.0,False,False,2,2,3.0,3.0,2.0,2.0,221.0,941.0,941.0,219.0,939.0,939.0,3,home,0022B4,99bfe5
296,401656363441,441,144,Driving Floating Jump Shot,Jaylen Brown misses driving floating jump shot,64,82,3,3rd Quarter,3:25,False,0,2.0,3917376.0,,,2024-06-18T02:19:19Z,True,29,7,401656363,2024,3,2,Boston,Celtics,BOS,Boston,6,Dallas,Mavericks,DAL,Dallas,2.5,True,False,2.5,3,3:25,3.0,25.0,False,False,2,2,3.0,3.0,2.0,2.0,205.0,925.0,925.0,204.0,924.0,924.0,3,home,0022B4,99bfe5
298,401656363443,443,125,Layup Shot Putback,Al Horford misses two point shot,64,82,3,3rd Quarter,3:23,False,0,2.0,3213.0,,,2024-06-18T02:19:23Z,True,22,2,401656363,2024,3,2,Boston,Celtics,BOS,Boston,6,Dallas,Mavericks,DAL,Dallas,2.5,True,False,2.5,3,3:23,3.0,23.0,False,False,2,2,3.0,3.0,2.0,2.0,203.0,923.0,923.0,202.0,922.0,922.0,3,home,0022B4,99bfe5
300,401656363445,445,125,Layup Shot Putback,Al Horford misses two point shot,64,82,3,3rd Quarter,3:21,False,0,2.0,3213.0,,,2024-06-18T02:19:25Z,True,22,3,401656363,2024,3,2,Boston,Celtics,BOS,Boston,6,Dallas,Mavericks,DAL,Dallas,2.5,True,False,2.5,3,3:21,3.0,21.0,False,False,2,2,3.0,3.0,2.0,2.0,201.0,921.0,921.0,200.0,920.0,920.0,3,home,0022B4,99bfe5
302,401656363447,447,131,Pullup Jump Shot,Tim Hardaway Jr. misses 26-foot three point pullup jump shot,64,82,3,3rd Quarter,3:13,False,0,6.0,2528210.0,,,2024-06-18T02:19:32Z,True,11,22,401656363,2024,3,2,Boston,Celtics,BOS,Boston,6,Dallas,Mavericks,DAL,Dallas,2.5,True,False,2.5,3,3:13,3.0,13.0,False,False,2,2,3.0,3.0,2.0,2.0,193.0,913.0,913.0,192.0,912.0,912.0,3,away,0022B4,99bfe5
304,401656363449,449,113,Running Jump Shot,Jaylen Brown misses 26-foot three point shot,64,82,3,3rd Quarter,3:05,False,0,2.0,3917376.0,,,2024-06-18T02:19:39Z,True,7,20,401656363,2024,3,2,Boston,Celtics,BOS,Boston,6,Dallas,Mavericks,DAL,Dallas,2.5,True,False,2.5,3,3:05,3.0,5.0,False,False,2,2,3.0,3.0,2.0,2.0,185.0,905.0,905.0,183.0,903.0,903.0,3,home,0022B4,99bfe5
312,401656363460,460,131,Pullup Jump Shot,Sam Hauser misses 27-foot three point pullup jump shot,65,82,3,3rd Quarter,2:39,False,0,2.0,4065804.0,,,2024-06-18T02:20:58Z,True,42,21,401656363,2024,3,2,Boston,Celtics,BOS,Boston,6,Dallas,Mavericks,DAL,Dallas,2.5,True,False,2.5,3,2:39,2.0,39.0,False,False,2,2,3.0,3.0,2.0,2.0,159.0,879.0,879.0,157.0,877.0,877.0,3,home,0022B4,99bfe5
314,401656363462,462,131,Pullup Jump Shot,Luka Doncic misses 29-foot three point pullup jump shot,65,82,3,3rd Quarter,2:27,False,0,6.0,3945274.0,,,2024-06-18T02:21:10Z,True,37,27,401656363,2024,3,2,Boston,Celtics,BOS,Boston,6,Dallas,Mavericks,DAL,Dallas,2.5,True,False,2.5,3,2:27,2.0,27.0,False,False,2,2,3.0,3.0,2.0,2.0,147.0,867.0,867.0,146.0,866.0,866.0,3,away,0022B4,99bfe5
317,401656363467,467,144,Driving Floating Jump Shot,Sam Hauser makes 15-foot driving floating jump shot (Jaylen Brown assists),65,84,3,3rd Quarter,2:09,True,2,2.0,4065804.0,3917376.0,,2024-06-18T02:21:40Z,True,33,14,401656363,2024,3,2,Boston,Celtics,BOS,Boston,6,Dallas,Mavericks,DAL,Dallas,2.5,True,False,2.5,3,2:09,2.0,9.0,False,False,2,2,3.0,3.0,2.0,2.0,129.0,849.0,849.0,116.0,836.0,836.0,3,home,0022B4,99bfe5
318,401656363469,469,92,Jump Shot,Josh Green misses 23-foot three point jumper,65,84,3,3rd Quarter,1:56,False,0,6.0,4432811.0,,,2024-06-18T02:21:56Z,True,2,1,401656363,2024,3,2,Boston,Celtics,BOS,Boston,6,Dallas,Mavericks,DAL,Dallas,2.5,True,False,2.5,3,1:56,1.0,56.0,False,False,2,2,3.0,3.0,2.0,2.0,116.0,836.0,836.0,115.0,835.0,835.0,3,away,0022B4,99bfe5
320,401656363471,471,131,Pullup Jump Shot,Jaylen Brown makes 21-foot pullup jump shot,65,86,3,3rd Quarter,1:42,True,2,2.0,3917376.0,,,2024-06-18T02:22:07Z,True,13,18,401656363,2024,3,2,Boston,Celtics,BOS,Boston,6,Dallas,Mavericks,DAL,Dallas,2.5,True,False,2.5,3,1:42,1.0,42.0,False,False,2,2,3.0,3.0,2.0,2.0,102.0,822.0,822.0,91.0,811.0,811.0,3,home,0022B4,99bfe5
321,401656363472,472,115,Driving Dunk Shot,Josh Green misses driving dunk,65,86,3,3rd Quarter,1:31,False,0,6.0,4432811.0,,,2024-06-18T02:22:19Z,True,28,1,401656363,2024,3,2,Boston,Celtics,BOS,Boston,6,Dallas,Mavericks,DAL,Dallas,2.5,True,False,2.5,3,1:31,1.0,31.0,False,False,2,2,3.0,3.0,2.0,2.0,91.0,811.0,811.0,89.0,809.0,809.0,3,away,0022B4,99bfe5
324,401656363476,476,109,Running Layup Shot,Luka Doncic misses two point shot,65,86,3,3rd Quarter,1:17,False,0,6.0,3945274.0,,,2024-06-18T02:22:33Z,True,27,2,401656363,2024,3,2,Boston,Celtics,BOS,Boston,6,Dallas,Mavericks,DAL,Dallas,2.5,True,False,2.5,3,1:17,1.0,17.0,False,False,2,2,3.0,3.0,2.0,2.0,77.0,797.0,797.0,75.0,795.0,795.0,3,away,0022B4,99bfe5
326,401656363478,478,92,Jump Shot,P.J. Washington misses 23-foot three point jumper,65,86,3,3rd Quarter,1:12,False,0,6.0,4278078.0,,,2024-06-18T02:22:38Z,True,2,2,401656363,2024,3,2,Boston,Celtics,BOS,Boston,6,Dallas,Mavericks,DAL,Dallas,2.5,True,False,2.5,3,1:12,1.0,12.0,False,False,2,2,3.0,3.0,2.0,2.0,72.0,792.0,792.0,71.0,791.0,791.0,3,away,0022B4,99bfe5
328,401656363480,480,92,Jump Shot,Jayson Tatum misses 26-foot three point jumper,65,86,3,3rd Quarter,0:50.1,False,0,2.0,4065648.0,,,2024-06-18T02:23:00Z,True,37,24,401656363,2024,3,2,Boston,Celtics,BOS,Boston,6,Dallas,Mavericks,DAL,Dallas,2.5,True,False,2.5,3,0:50.1,0.0,50.09999847412109,False,False,2,2,3.0,3.0,2.0,2.0,50.09999847412109,770.0999755859375,770.0999755859375,49.09999847412109,769.0999755859375,769.0999755859375,3,home,0022B4,99bfe5
330,401656363482,482,92,Jump Shot,Sam Hauser misses 23-foot three point jumper,65,86,3,3rd Quarter,0:39.0,False,0,2.0,4065804.0,,,2024-06-18T02:23:12Z,True,2,3,401656363,2024,3,2,Boston,Celtics,BOS,Boston,6,Dallas,Mavericks,DAL,Dallas,2.5,True,False,2.5,3,0:39.0,0.0,39.0,False,False,2,2,3.0,3.0,2.0,2.0,39.0,759.0,759.0,37.0,757.0,757.0,3,home,0022B4,99bfe5
332,401656363484,484,135,Fade Away Bank Jump Shot,Luka Doncic makes 7-foot two point shot,67,86,3,3rd Quarter,0:23.0,True,2,6.0,3945274.0,,,2024-06-18T02:23:28Z,True,21,6,401656363,2024,3,2,Boston,Celtics,BOS,Boston,6,Dallas,Mavericks,DAL,Dallas,2.5,True,False,2.5,3,0:23.0,0.0,23.0,False,False,2,2,3.0,3.0,2.0,2.0,23.0,743.0,743.0,0.0,720.0,720.0,3,away,0022B4,99bfe5
338,401656363495,495,132,Step Back Jump Shot,Kristaps Porzingis misses 24-foot step back jumpshot,67,86,4,4th Quarter,11:39,False,0,2.0,3102531.0,,,2024-06-18T02:28:12Z,True,46,14,401656363,2024,3,2,Boston,Celtics,BOS,Boston,6,Dallas,Mavericks,DAL,Dallas,2.5,True,False,2.5,4,11:39,11.0,39.0,False,False,2,2,4.0,4.0,2.0,2.0,699.0,699.0,699.0,697.0,697.0,697.0,4,home,0022B4,99bfe5
340,401656363497,497,121,Fade Away Jump Shot,Luka Doncic misses 15-foot two point shot,67,86,4,4th Quarter,11:25,False,0,6.0,3945274.0,,,2024-06-18T02:28:26Z,True,10,6,401656363,2024,3,2,Boston,Celtics,BOS,Boston,6,Dallas,Mavericks,DAL,Dallas,2.5,True,False,2.5,4,11:25,11.0,25.0,False,False,2,2,4.0,4.0,2.0,2.0,685.0,685.0,685.0,683.0,683.0,683.0,4,away,0022B4,99bfe5
342,401656363499,499,138,Putback Dunk Shot,Derrick White blocks Dereck Lively II 's 4-foot dunk,67,86,4,4th Quarter,11:21,False,0,6.0,4683688.0,3078576.0,,2024-06-18T02:28:30Z,True,23,3,401656363,2024,3,2,Boston,Celtics,BOS,Boston,6,Dallas,Mavericks,DAL,Dallas,2.5,True,False,2.5,4,11:21,11.0,21.0,False,False,2,2,4.0,4.0,2.0,2.0,681.0,681.0,681.0,679.0,679.0,679.0,4,away,0022B4,99bfe5
346,401656363505,505,92,Jump Shot,Derrick Jones Jr. misses 25-foot three point jumper,67,86,4,4th Quarter,10:51,False,0,6.0,3936099.0,,,2024-06-18T02:29:28Z,True,20,25,401656363,2024,3,2,Boston,Celtics,BOS,Boston,6,Dallas,Mavericks,DAL,Dallas,2.5,True,False,2.5,4,10:51,10.0,51.0,False,False,2,2,4.0,4.0,2.0,2.0,651.0,651.0,651.0,649.0,649.0,649.0,4,away,0022B4,99bfe5
350,401656363511,511,131,Pullup Jump Shot,Jrue Holiday misses 23-foot three point pullup jump shot,67,86,4,4th Quarter,10:30,False,0,2.0,3995.0,,,2024-06-18T02:30:13Z,True,48,7,401656363,2024,3,2,Boston,Celtics,BOS,Boston,6,Dallas,Mavericks,DAL,Dallas,2.5,True,False,2.5,4,10:30,10.0,30.0,False,False,2,2,4.0,4.0,2.0,2.0,630.0,630.0,630.0,625.0,625.0,625.0,4,home,0022B4,99bfe5
353,401656363515,515,144,Driving Floating Jump Shot,Derrick Jones Jr. misses driving floating jump shot,67,86,4,4th Quarter,10:11,False,0,6.0,3936099.0,,,2024-06-18T02:31:17Z,True,32,6,401656363,2024,3,2,Boston,Celtics,BOS,Boston,6,Dallas,Mavericks,DAL,Dallas,2.5,True,False,2.5,4,10:11,10.0,11.0,False,False,2,2,4.0,4.0,2.0,2.0,611.0,611.0,611.0,610.0,610.0,610.0,4,away,0022B4,99bfe5
358,401656363523,523,92,Jump Shot,P.J. Washington misses 26-foot three point jumper,67,86,4,4th Quarter,9:42,False,0,6.0,4278078.0,,,2024-06-18T02:32:08Z,True,6,19,401656363,2024,3,2,Boston,Celtics,BOS,Boston,6,Dallas,Mavericks,DAL,Dallas,2.5,True,False,2.5,4,9:42,9.0,42.0,False,False,2,2,4.0,4.0,2.0,2.0,582.0,582.0,582.0,578.0,578.0,578.0,4,away,0022B4,99bfe5
360,401656363528,528,131,Pullup Jump Shot,Kyrie Irving misses 26-foot three point pullup jump shot,67,86,4,4th Quarter,9:28,False,0,6.0,6442.0,,,2024-06-18T02:32:36Z,True,8,21,401656363,2024,3,2,Boston,Celtics,BOS,Boston,6,Dallas,Mavericks,DAL,Dallas,2.5,True,False,2.5,4,9:28,9.0,28.0,False,False,2,2,4.0,4.0,2.0,2.0,568.0,568.0,568.0,567.0,567.0,567.0,4,away,0022B4,99bfe5
362,401656363530,530,151,Cutting Dunk Shot,Kristaps Porzingis makes 2-foot dunk (Jaylen Brown assists),67,88,4,4th Quarter,9:09,True,2,2.0,3102531.0,3917376.0,,2024-06-18T02:32:56Z,True,24,3,401656363,2024,3,2,Boston,Celtics,BOS,Boston,6,Dallas,Mavericks,DAL,Dallas,2.5,True,False,2.5,4,9:09,9.0,9.0,False,False,2,2,4.0,4.0,2.0,2.0,549.0,549.0,549.0,548.0,548.0,548.0,4,home,0022B4,99bfe5
365,401656363535,535,92,Jump Shot,Luka Doncic makes 27-foot three point jumper (Kyrie Irving assists),70,88,4,4th Quarter,8:50,True,3,6.0,3945274.0,6442.0,,2024-06-18T02:36:59Z,True,9,23,401656363,2024,3,2,Boston,Celtics,BOS,Boston,6,Dallas,Mavericks,DAL,Dallas,2.5,True,False,2.5,4,8:50,8.0,50.0,False,False,2,2,4.0,4.0,2.0,2.0,530.0,530.0,530.0,505.0,505.0,505.0,4,away,0022B4,99bfe5
366,401656363537,537,92,Jump Shot,Derrick White makes 26-foot three point jumper (Jayson Tatum assists),70,91,4,4th Quarter,8:25,True,3,2.0,3078576.0,4065648.0,,2024-06-18T02:37:24Z,True,44,19,401656363,2024,3,2,Boston,Celtics,BOS,Boston,6,Dallas,Mavericks,DAL,Dallas,2.5,True,False,2.5,4,8:25,8.0,25.0,False,False,2,2,4.0,4.0,2.0,2.0,505.0,505.0,505.0,489.0,489.0,489.0,4,home,0022B4,99bfe5
367,401656363539,539,128,Driving Finger Roll Layup,Luka Doncic makes 3-foot two point shot (Kyrie Irving assists),72,91,4,4th Quarter,8:09,True,2,6.0,3945274.0,6442.0,,2024-06-18T02:37:40Z,True,24,3,401656363,2024,3,2,Boston,Celtics,BOS,Boston,6,Dallas,Mavericks,DAL,Dallas,2.5,True,False,2.5,4,8:09,8.0,9.0,False,False,2,2,4.0,4.0,2.0,2.0,489.0,489.0,489.0,472.0,472.0,472.0,4,away,0022B4,99bfe5
368,401656363541,541,110,Driving Layup Shot,Jayson Tatum makes driving layup,72,93,4,4th Quarter,7:52,True,2,2.0,4065648.0,,,2024-06-18T02:37:58Z,True,20,2,401656363,2024,3,2,Boston,Celtics,BOS,Boston,6,Dallas,Mavericks,DAL,Dallas,2.5,True,False,2.5,4,7:52,7.0,52.0,False,False,2,2,4.0,4.0,2.0,2.0,472.0,472.0,472.0,472.0,472.0,472.0,4,home,0022B4,99bfe5
371,401656363545,545,131,Pullup Jump Shot,Kyrie Irving makes 25-foot three pointer,75,94,4,4th Quarter,7:42,True,3,6.0,6442.0,,,2024-06-18T02:38:39Z,True,3,13,401656363,2024,3,2,Boston,Celtics,BOS,Boston,6,Dallas,Mavericks,DAL,Dallas,2.5,True,False,2.5,4,7:42,7.0,42.0,False,False,2,2,4.0,4.0,2.0,2.0,462.0,462.0,462.0,438.0,438.0,438.0,4,away,0022B4,99bfe5
372,401656363546,546,137,Turnaround Fade Away Jump Shot,Jayson Tatum makes 18-foot two point shot,75,96,4,4th Quarter,7:18,True,2,2.0,4065648.0,,,2024-06-18T02:39:02Z,True,34,16,401656363,2024,3,2,Boston,Celtics,BOS,Boston,6,Dallas,Mavericks,DAL,Dallas,2.5,True,False,2.5,4,7:18,7.0,18.0,False,False,2,2,4.0,4.0,2.0,2.0,438.0,438.0,438.0,425.0,425.0,425.0,4,home,0022B4,99bfe5
374,401656363550,550,132,Step Back Jump Shot,Jayson Tatum misses 26-foot step back jumpshot,75,96,4,4th Quarter,6:49,False,0,2.0,4065648.0,,,2024-06-18T02:39:30Z,True,41,22,401656363,2024,3,2,Boston,Celtics,BOS,Boston,6,Dallas,Mavericks,DAL,Dallas,2.5,True,False,2.5,4,6:49,6.0,49.0,False,False,2,2,4.0,4.0,2.0,2.0,409.0,409.0,409.0,408.0,408.0,408.0,4,home,0022B4,99bfe5
376,401656363552,552,113,Running Jump Shot,Josh Green misses 26-foot three point shot,75,96,4,4th Quarter,6:40,False,0,6.0,4432811.0,,,2024-06-18T02:39:40Z,True,45,18,401656363,2024,3,2,Boston,Celtics,BOS,Boston,6,Dallas,Mavericks,DAL,Dallas,2.5,True,False,2.5,4,6:40,6.0,40.0,False,False,2,2,4.0,4.0,2.0,2.0,400.0,400.0,400.0,398.0,398.0,398.0,4,away,0022B4,99bfe5
378,401656363554,554,92,Jump Shot,Kyrie Irving misses 20-foot jumper,75,96,4,4th Quarter,6:35,False,0,6.0,6442.0,,,2024-06-18T02:39:45Z,True,45,3,401656363,2024,3,2,Boston,Celtics,BOS,Boston,6,Dallas,Mavericks,DAL,Dallas,2.5,True,False,2.5,4,6:35,6.0,35.0,False,False,2,2,4.0,4.0,2.0,2.0,395.0,395.0,395.0,393.0,393.0,393.0,4,away,0022B4,99bfe5
384,401656363562,562,132,Step Back Jump Shot,Luka Doncic makes 26-foot step back jumpshot,78,98,4,4th Quarter,6:19,True,3,6.0,3945274.0,,,2024-06-18T02:41:03Z,True,47,15,401656363,2024,3,2,Boston,Celtics,BOS,Boston,6,Dallas,Mavericks,DAL,Dallas,2.5,True,False,2.5,4,6:19,6.0,19.0,False,False,2,2,4.0,4.0,2.0,2.0,379.0,379.0,379.0,354.0,354.0,354.0,4,away,0022B4,99bfe5
385,401656363563,563,131,Pullup Jump Shot,Jaylen Brown misses 28-foot three point pullup jump shot,78,98,4,4th Quarter,5:54,False,0,2.0,3917376.0,,,2024-06-18T02:41:27Z,True,32,28,401656363,2024,3,2,Boston,Celtics,BOS,Boston,6,Dallas,Mavericks,DAL,Dallas,2.5,True,False,2.5,4,5:54,5.0,54.0,False,False,2,2,4.0,4.0,2.0,2.0,354.0,354.0,354.0,348.0,348.0,348.0,4,home,0022B4,99bfe5
389,401656363570,570,132,Step Back Jump Shot,Luka Doncic misses 25-foot step back jumpshot,78,98,4,4th Quarter,5:36,False,0,6.0,3945274.0,,,2024-06-18T02:42:14Z,True,27,25,401656363,2024,3,2,Boston,Celtics,BOS,Boston,6,Dallas,Mavericks,DAL,Dallas,2.5,True,False,2.5,4,5:36,5.0,36.0,False,False,2,2,4.0,4.0,2.0,2.0,336.0,336.0,336.0,333.0,333.0,333.0,4,away,0022B4,99bfe5
391,401656363572,572,110,Driving Layup Shot,Jayson Tatum makes driving layup,78,100,4,4th Quarter,5:10,True,2,2.0,4065648.0,,,2024-06-18T02:42:40Z,True,25,4,401656363,2024,3,2,Boston,Celtics,BOS,Boston,6,Dallas,Mavericks,DAL,Dallas,2.5,True,False,2.5,4,5:10,5.0,10.0,False,False,2,2,4.0,4.0,2.0,2.0,310.0,310.0,310.0,298.0,298.0,298.0,4,home,0022B4,99bfe5
393,401656363575,575,110,Driving Layup Shot,Jayson Tatum makes driving layup,78,102,4,4th Quarter,4:39,True,2,2.0,4065648.0,,,2024-06-18T02:43:11Z,True,28,2,401656363,2024,3,2,Boston,Celtics,BOS,Boston,6,Dallas,Mavericks,DAL,Dallas,2.5,True,False,2.5,4,4:39,4.0,39.0,False,False,2,2,4.0,4.0,2.0,2.0,279.0,279.0,279.0,279.0,279.0,279.0,4,home,0022B4,99bfe5
396,401656363579,579,109,Running Layup Shot,Jaylen Brown misses two point shot,78,102,4,4th Quarter,4:22,False,0,2.0,3917376.0,,,2024-06-18T02:47:16Z,True,25,3,401656363,2024,3,2,Boston,Celtics,BOS,Boston,6,Dallas,Mavericks,DAL,Dallas,2.5,True,False,2.5,4,4:22,4.0,22.0,False,False,2,2,4.0,4.0,2.0,2.0,262.0,262.0,262.0,261.0,261.0,261.0,4,home,0022B4,99bfe5
401,401656363585,585,110,Driving Layup Shot,Luka Doncic makes driving layup (Maxi Kleber assists),80,104,4,4th Quarter,4:02,True,2,6.0,3945274.0,2960236.0,,2024-06-18T02:48:28Z,True,27,2,401656363,2024,3,2,Boston,Celtics,BOS,Boston,6,Dallas,Mavericks,DAL,Dallas,2.5,True,False,2.5,4,4:02,4.0,2.0,False,False,2,2,4.0,4.0,2.0,2.0,242.0,242.0,242.0,220.0,220.0,220.0,4,away,0022B4,99bfe5
405,401656363591,591,132,Step Back Jump Shot,Kyrie Irving makes 26-foot step back jumpshot,83,106,4,4th Quarter,3:27,True,3,6.0,6442.0,,,2024-06-18T02:49:53Z,True,24,27,401656363,2024,3,2,Boston,Celtics,BOS,Boston,6,Dallas,Mavericks,DAL,Dallas,2.5,True,False,2.5,4,3:27,3.0,27.0,False,False,2,2,4.0,4.0,2.0,2.0,207.0,207.0,207.0,195.0,195.0,195.0,4,away,0022B4,99bfe5
407,401656363594,594,109,Running Layup Shot,P.J. Washington makes two point shot (Luka Doncic assists),85,106,4,4th Quarter,3:10,True,2,6.0,4278078.0,3945274.0,,2024-06-18T02:50:11Z,True,24,2,401656363,2024,3,2,Boston,Celtics,BOS,Boston,6,Dallas,Mavericks,DAL,Dallas,2.5,True,False,2.5,4,3:10,3.0,10.0,False,False,2,2,4.0,4.0,2.0,2.0,190.0,190.0,190.0,190.0,190.0,190.0,4,away,0022B4,99bfe5
409,401656363597,597,110,Driving Layup Shot,Jayson Tatum misses driving layup,85,106,4,4th Quarter,2:46,False,0,2.0,4065648.0,,,2024-06-18T02:52:18Z,True,28,3,401656363,2024,3,2,Boston,Celtics,BOS,Boston,6,Dallas,Mavericks,DAL,Dallas,2.5,True,False,2.5,4,2:46,2.0,46.0,False,False,2,2,4.0,4.0,2.0,2.0,166.0,166.0,166.0,165.0,165.0,165.0,4,home,0022B4,99bfe5
419,401656363613,613,110,Driving Layup Shot,Jaylen Brown misses driving layup,85,106,4,4th Quarter,2:25,False,0,2.0,3917376.0,,,2024-06-18T02:55:00Z,True,28,3,401656363,2024,3,2,Boston,Celtics,BOS,Boston,6,Dallas,Mavericks,DAL,Dallas,2.5,True,False,2.5,4,2:25,2.0,25.0,False,False,2,2,4.0,4.0,2.0,2.0,145.0,145.0,145.0,144.0,144.0,144.0,4,home,0022B4,99bfe5
421,401656363615,615,131,Pullup Jump Shot,Derrick White misses 27-foot three point pullup jump shot,85,106,4,4th Quarter,2:19,False,0,2.0,3078576.0,,,2024-06-18T02:55:06Z,True,10,23,401656363,2024,3,2,Boston,Celtics,BOS,Boston,6,Dallas,Mavericks,DAL,Dallas,2.5,True,False,2.5,4,2:19,2.0,19.0,False,False,2,2,4.0,4.0,2.0,2.0,139.0,139.0,139.0,138.0,138.0,138.0,4,home,0022B4,99bfe5
428,401656363625,625,132,Step Back Jump Shot,Jayson Tatum misses 26-foot step back jumpshot,86,106,4,4th Quarter,1:38,False,0,2.0,4065648.0,,,2024-06-18T02:56:47Z,True,20,26,401656363,2024,3,2,Boston,Celtics,BOS,Boston,6,Dallas,Mavericks,DAL,Dallas,2.5,True,False,2.5,4,1:38,1.0,38.0,False,False,2,2,4.0,4.0,2.0,2.0,98.0,98.0,98.0,95.0,95.0,95.0,4,home,0022B4,99bfe5
433,401656363632,632,132,Step Back Jump Shot,Jaden Hardy makes 18-foot step back jumpshot,88,106,4,4th Quarter,1:09,True,2,6.0,4868423.0,,,2024-06-18T02:57:53Z,True,13,14,401656363,2024,3,2,Boston,Celtics,BOS,Boston,6,Dallas,Mavericks,DAL,Dallas,2.5,True,False,2.5,4,1:09,1.0,9.0,False,False,2,2,4.0,4.0,2.0,2.0,69.0,69.0,69.0,48.09999847412109,48.09999847412109,48.09999847412109,4,away,0022B4,99bfe5
434,401656363633,633,131,Pullup Jump Shot,Derrick White misses 20-foot pullup jump shot,88,106,4,4th Quarter,0:48.1,False,0,2.0,3078576.0,,,2024-06-18T02:58:17Z,True,38,16,401656363,2024,3,2,Boston,Celtics,BOS,Boston,6,Dallas,Mavericks,DAL,Dallas,2.5,True,False,2.5,4,0:48.1,0.0,48.09999847412109,False,False,2,2,4.0,4.0,2.0,2.0,48.09999847412109,48.09999847412109,48.09999847412109,46.0,46.0,46.0,4,home,0022B4,99bfe5
439,401656363641,641,115,Driving Dunk Shot,Jaden Hardy misses driving dunk,88,106,4,4th Quarter,0:33.0,False,0,6.0,4868423.0,,,2024-06-18T02:59:05Z,True,25,2,401656363,2024,3,2,Boston,Celtics,BOS,Boston,6,Dallas,Mavericks,DAL,Dallas,2.5,True,False,2.5,4,0:33.0,0.0,33.0,False,False,2,2,4.0,4.0,2.0,2.0,33.0,33.0,33.0,32.099998474121094,32.099998474121094,32.099998474121094,4,away,0022B4,99bfe5
441,401656363643,643,92,Jump Shot,Sam Hauser misses 27-foot three point jumper,88,106,4,4th Quarter,0:22.1,False,0,2.0,4065804.0,,,2024-06-18T02:59:16Z,True,15,25,401656363,2024,3,2,Boston,Celtics,BOS,Boston,6,Dallas,Mavericks,DAL,Dallas,2.5,True,False,2.5,4,0:22.1,0.0,22.100000381469727,False,False,2,2,4.0,4.0,2.0,2.0,22.100000381469727,22.100000381469727,22.100000381469727,21.0,21.0,21.0,4,home,0022B4,99bfe5
